{"f1-dev": 0.8009575316960723, "_timestamp": 1685356209.6345623, "_runtime": 8577.17389535904, "_step": 135, "f1-test": 0.7857946026986508, "_wandb": {"runtime": 8636}}