{"f1-dev": {"max": 0.8348300757175559}, "_timestamp": 1685359924.4167943, "_runtime": 3551.1083352565765, "_step": 55, "f1-test": {"max": 0.8177638837808017}}