{"f1-dev": {"max": 0.805629911061221}, "_timestamp": 1685359930.2949476, "_runtime": 677.4208996295929, "_step": 19, "f1-test": {"max": 0.7913838356412345}}