{"f1-dev": 0.8057336182336182, "_timestamp": 1685356230.8262074, "_runtime": 8614.924492359161, "_step": 135, "f1-test": 0.7955223880597015, "_wandb": {"runtime": 8649}}