{"f1-dev": {"max": 0.8074383037886688}, "_timestamp": 1685359948.1465092, "_runtime": 681.8019161224365, "_step": 19, "f1-test": {"max": 0.7893772893772893}}