{"f1-dev": 0.7959759971761385, "_timestamp": 1685356254.9762366, "_runtime": 8611.119405508041, "_step": 135, "f1-test": 0.7782914201183432, "_wandb": {"runtime": 8627}}