{"f1-dev": 0.8354252611252523, "_timestamp": 1685347381.9010353, "_runtime": 3292.4529151916504, "_step": 51, "f1-test": 0.8122302818841245}