{"f1-dev": 0.8381456953642384, "_timestamp": 1685349606.0206773, "_runtime": 5516.572557210922, "_step": 85, "f1-test": 0.8141919985216668, "_wandb": {"runtime": 5583}}