{"f1-dev": {"max": 0.7927805210284352}, "_timestamp": 1685359940.9868155, "_runtime": 683.534663438797, "_step": 19, "f1-test": {"max": 0.7804659498207885}}