{"f1-dev": {"max": 0.8107967817285232}, "_timestamp": 1685359946.259183, "_runtime": 684.3110518455505, "_step": 19, "f1-test": {"max": 0.7958257713248638}}